{
  "boxs": [
    {
      "Object_type": "MISC",
      "x": 2176.4986343825663,
      "y": 126.00006973365616,
      "w": 109.9999612590799,
      "h": 107.00001937046004,
      "id": "ui-rect-1",
      "Category": "Indication signs"
    }
  ],
  "Workload": {
    "Pedestrians": 0,
    "Vehicles": 0,
    "Traffic lights": 0,
    "Indication signs": 0,
    "Prohibitory signs": 0,
    "MISC": 1,
    "Dontcare": 0
  }
}